{
  "common_game_universe_size": 22708,
  "working_graph_parameters": {
    "top_k": 50,
    "selection_mode": "union",
    "pagerank_damping": 0.85
  },
  "strength_comparison": {
    "catalog_top_k": {
      "k": 25,
      "overlap_count": 0,
      "overlap_pct": 0.0,
      "overlap_app_ids": []
    },
    "spearman_full_universe": 0.107601
  },
  "betweenness_comparison": {
    "catalog_top_k": {
      "k": 25,
      "overlap_count": 0,
      "overlap_pct": 0.0,
      "overlap_app_ids": []
    },
    "spearman_full_universe": -0.052035
  },
  "pagerank_comparison": {
    "catalog_top_k": {
      "k": 25,
      "overlap_count": 0,
      "overlap_pct": 0.0,
      "overlap_app_ids": []
    },
    "spearman_full_universe": 0.035775
  },
  "catalog_top_examples": {
    "strength": [
      242590,
      246740,
      263340,
      270330,
      282640,
      294280,
      297370,
      297620,
      299380,
      301980,
      303870,
      311770,
      313590,
      316260,
      318350,
      318950,
      319080,
      326420,
      332700,
      334070,
      334370,
      336220,
      345200,
      345280,
      346450
    ],
    "betweenness": [
      1568650,
      1599560,
      217200,
      1927650,
      23460,
      504880,
      1278270,
      873490,
      1307480,
      1205240,
      1228560,
      719590,
      1272580,
      1807080,
      879670,
      1342040,
      1603720,
      481510,
      1153460,
      1598560,
      1740660,
      1627040,
      297000,
      282560,
      1247100
    ],
    "pagerank": [
      1927650,
      1807080,
      2170050,
      2177030,
      1935660,
      1908720,
      1873030,
      1850070,
      1975120,
      1729420,
      1779690,
      1706540,
      1252560,
      1684930,
      2060130,
      1598560,
      1740660,
      1609730,
      1605320,
      1810610,
      1590910,
      1810270,
      1740680,
      1496320,
      1521930
    ]
  },
  "community_top_examples": {
    "strength": [
      2002450,
      854860,
      1219950,
      2004360,
      1152090,
      2131200,
      1846630,
      2093250,
      899190,
      1110720,
      1975420,
      1724000,
      1184810,
      1954640,
      2010830,
      673450,
      1379970,
      846670,
      1503920,
      1167700,
      685690,
      1493300,
      1849570,
      1238520,
      2026520
    ],
    "betweenness": [
      691690,
      661290,
      1146880,
      1048100,
      1241100,
      485460,
      281640,
      575960,
      237990,
      1219950,
      828950,
      1504340,
      558490,
      1495670,
      1364010,
      1080700,
      397720,
      1828640,
      400200,
      817220,
      1489500,
      1296880,
      1903630,
      220,
      1664910
    ],
    "pagerank": [
      854860,
      1219950,
      1152090,
      2002450,
      2004360,
      503460,
      1493300,
      1184810,
      1828640,
      2131200,
      1480120,
      2093250,
      1724000,
      1846630,
      1708190,
      2010830,
      560720,
      899190,
      1300430,
      1975420,
      1241040,
      1549030,
      1573750,
      1379970,
      1498310
    ]
  }
}
